id,password
1,1
user1,IWVUh6
user2,AxgJQN
user3,VrjH8Q
user4,f9pazw
user5,tDCpr6
user6,E4F9as
user7,euXrGY
user8,CNDsuC
user9,UZdRVY
user10,4Ywi2E
user11,F8z5go
user12,RlqgNR
user13,WzMIMJ
user14,vocZtY
user15,fauFOv
user16,7DiHuW
user17,CZqAhj
user18,XMHhBg
user19,EqK3oA
user20,uETtyq
user21,kfG6km
user22,Y6xMh4
user23,WEYb05
user24,JmISGt
user25,6y8Yjx
user26,pQHXvn
user27,PESYey
user28,jgRslF
user29,9ll2gR
user30,FGpi3D
user31,HIaqr5
user32,hLQQdh
user33,v3Ulgp
user34,ECZjhG
user35,q5fkb5
user36,w9PSat
user37,GwWMFf
user38,DPiHZ0
user39,lXIvID
user40,4pHGgy
user41,rNlgn5
user42,zWNzSH
user43,hj0L0i
user44,RaJAmg
user45,MrdIPa
user46,xoKbEI
user47,0oKG8G
user48,eJ43XE
user49,O057YR
user50,lKdNVM
user51,GIUNx2
user52,wzT1FK
user53,WmXJi3
user54,syYWWy
user55,Ll2KSc
user56,jnfmgN
user57,Ex38PK
user58,of1H5G
user59,AjMMF0
user60,cJyFF5
user61,XyfsuM
user62,6NsFQx
user63,e7Y4p1
user64,0t4XCd
user65,b7bIw5
user66,mgxeE3
user67,F75p2j
user68,a8Q77g
user69,pIiYJ8
user70,BmmgfC
user71,MEwWSf
user72,P7INIt
user73,1YOA0V
user74,eNePCN
user75,C8kHAC
user76,kUA3JG
user77,3RTcHy
user78,AQn4Xh
user79,Ug9WVz
user80,LgFVRe
user81,0ySwNU
user82,j1FJxT
user83,baTnNu
user84,LqvYUf
user85,faP0Hk
user86,5aFm0L
user87,tQAOb0
user88,WKNErn
user89,X9EMtc
user90,DQAABV
user91,f6z3TY
user92,z2LpGb
user93,dMacUX
user94,IqQESy
user95,O145jj
user96,561Vme
user97,2HsxFr
user98,guOr5M
user99,aJkClT
user100,a4bTho
